cue,start_seconds,end_seconds,duration_seconds,speaker,title
01.01,0,40,40,Both,"HUMAN vs AI"
01.02,40,80,40,Both,"สแกนเพื่อเข้าร่วม · QR ห้องจริง"
01.03,80,145,65,AI,"คิดต่าง เพราะสร้างมาต่างกัน"
01.04,145,180,35,Human,"ใครควรทำอะไร?"
02.01,180,310,130,Both,"THE TRUST TUG-OF-WAR"
03.01,310,375,65,Human,"ศิลปะมีชีวิต อยู่เบื้องหลัง"
03.02,375,455,80,AI,"ถ้าปิดชื่อผู้สร้าง คุณแยกออกไหม?"
03.05,455,545,90,Both,"SWIPE COURT"
03.03,545,605,60,Human,"FLAMINGONE"
03.04,605,670,65,Human,"ผลงานเดิม ป้ายใหม่"
04.01,670,810,140,Both,"CAPTION & PROMPT BATTLE"
04.02,810,880,70,AI,"เก่งขึ้นรายคน"
04.03,880,955,75,Human,"แต่ไอเดีย คล้ายกันมากขึ้น"
05.01,955,960,5,Both,"FLASH LEADERBOARD"
06.01,960,1030,70,AI,"เมื่อ AI ค้นพบทางลัด"
06.02,1030,1100,70,AI,"จากลำดับ สู่โครงสร้าง"
06.03,1100,1165,65,Human,"โลกจริง ไม่ใช่โจทย์ปิด"
06.04,1165,1245,80,Human,"ความเก่ง ไม่ได้เป็นเส้นตรง"
06.05,1245,1320,75,Human,"ในขอบเขต ช่วยได้มาก"
07.01,1320,1480,160,Both,"DEATH CAP ROULETTE"
07.02,1480,1555,75,Human,"มั่นใจมาก ไม่ได้แปลว่าถูก"
08.01,1555,1560,5,Both,"SURVIVOR RANKINGS"
09.01,1560,1630,70,AI,"ฟังดูอบอุ่น แล้วเชื่อใจได้ไหม?"
09.02,1630,1735,105,AI,"คำตอบที่ ผู้ประเมินเลือก"
09.03,1735,1830,95,Human,"ข้อความที่อบอุ่น ยังต้องตรวจสอบ"
10.01,1830,1905,75,Human,"คำแนะนำที่ดี ต้องดีในบริบทด้วย"
10.02,1905,1995,90,Both,"CHAT WHACK-A-MOLE"
10.03,1995,2070,75,Human,"ตรวจก่อน ปล่อยคำตอบ"
11.01,2070,2145,75,Human,"เมื่อคำตอบ สร้างความเสียหาย"
11.02,2145,2210,65,Both,"COMPANY SHIELD"
11.03,2210,2275,65,Human,"AI IS A TOOL. NOT A SHIELD."
12.01,2275,2280,5,Both,"THE FINAL SPRINT"
13.01,2280,2380,100,Both,"BETTER TOGETHER?"
13.02,2380,2470,90,Human,"การร่วมมือ ต้องออกแบบ"
13.03,2470,2555,85,Human,"เร็วแค่ไหน ก็ต้องตรวจก่อนปล่อย"
13.04,2555,2640,85,Human,"HUMAN OVERSIGHT"
14.01,2640,2820,180,Both,"MISSING PIECE"
15.01,2820,2845,25,Both,"สมการของ ความรับผิดชอบ"
15.02,2845,2865,20,AI,"DIFFERENT MINDS."
15.03,2865,2890,25,Human,"SHARED FUTURE."
15.04,2890,2910,20,Both,"HUMAN RESPONSIBILITY."
16.01,2910,2975,65,Both,"GRAND PODIUM CEREMONY"
16.02,2975,3000,25,Both,"ตรวจก่อนเชื่อ"
